26,State/Lake (Brown& Green& Orange& Pink & Purple Lines),FALSE,FALSE,FALSE,FALSE,TRUE,FALSE,FALSE,FALSE,FALSE,41.88574,-87.627835,2,
27,Clark/Lake (Blue& Brown& Green& Orange& Purple & Pink Lines),TRUE,FALSE,FALSE,FALSE,TRUE,FALSE,FALSE,FALSE,FALSE,41.885737,-87.630886,2,
25,Randolph/Wabash (Brown& Green& Orange& Pink & Purple Lines),FALSE,FALSE,FALSE,FALSE,TRUE,FALSE,FALSE,FALSE,FALSE,41.884431,-87.626149,3,
24,Adams/Wabash (Brown&Green& Orange&Pink & Purple Lines),FALSE,FALSE,FALSE,FALSE,TRUE,FALSE,FALSE,FALSE,FALSE,41.879507,-87.626037,2,1
12,Belmont (Red& Brown & Purple Lines),TRUE,FALSE,FALSE,FALSE,TRUE,FALSE,FALSE,FALSE,FALSE,41.939751,-87.65338,2,
16,Armitage (Brown & Purple Lines),TRUE,FALSE,FALSE,FALSE,TRUE,FALSE,FALSE,FALSE,FALSE,41.918217,-87.652644,4,
18,Chicago (Brown & Purple Lines),TRUE,FALSE,FALSE,FALSE,TRUE,FALSE,FALSE,FALSE,FALSE,41.89681,-87.635924,2,
14,Diversey (Brown & Purple Lines),TRUE,FALSE,FALSE,FALSE,TRUE,FALSE,FALSE,FALSE,FALSE,41.932732,-87.653131,3,2
19,Merchandise Mart (Brown & Purple Lines),TRUE,FALSE,FALSE,FALSE,TRUE,FALSE,FALSE,FALSE,FALSE,41.888969,-87.633924,3,
17,Sedgwick (Brown & Purple Lines),TRUE,FALSE,FALSE,FALSE,TRUE,FALSE,FALSE,FALSE,FALSE,41.910409,-87.639302,3,
13,Wellington (Brown & Purple Lines),TRUE,FALSE,FALSE,FALSE,TRUE,FALSE,FALSE,FALSE,FALSE,41.936033,-87.653266,1,
9,Addison (Brown Line),TRUE,FALSE,FALSE,FALSE,TRUE,FALSE,FALSE,FALSE,FALSE,41.947028,-87.674642,2,
6,Damen (Brown Line),TRUE,FALSE,FALSE,FALSE,TRUE,FALSE,FALSE,FALSE,FALSE,41.966286,-87.678639,2,
3,Francisco (Brown Line),TRUE,FALSE,FALSE,FALSE,TRUE,FALSE,FALSE,FALSE,FALSE,41.966046,-87.701644,3,2
8,Irving Park (Brown Line),TRUE,FALSE,FALSE,FALSE,TRUE,FALSE,FALSE,FALSE,FALSE,41.954521,-87.674868,2,
2,Kedzie (Brown Line),TRUE,FALSE,FALSE,FALSE,TRUE,FALSE,FALSE,FALSE,FALSE,41.965996,-87.708821,4,
1,Kimball (Brown Line),TRUE,FALSE,FALSE,FALSE,TRUE,FALSE,FALSE,FALSE,FALSE,41.967901,-87.713065,2,1
22,LaSalle/Van Buren (Brown& Orange& Purple & Pink Lines),FALSE,FALSE,FALSE,FALSE,TRUE,FALSE,FALSE,FALSE,FALSE,41.8768,-87.631739,7,
7,Montrose (Brown Line),TRUE,FALSE,FALSE,FALSE,TRUE,FALSE,FALSE,FALSE,FALSE,41.961756,-87.675047,2,
10,Paulina (Brown Line),TRUE,FALSE,FALSE,FALSE,TRUE,FALSE,FALSE,FALSE,FALSE,41.943623,-87.670907,2,
21,Quincy/Wells (Brown& Orange& Purple & Pink Lines),FALSE,FALSE,FALSE,FALSE,TRUE,FALSE,FALSE,FALSE,FALSE,41.878723,-87.63374,3,
4,Rockwell (Brown Line),TRUE,FALSE,FALSE,FALSE,TRUE,FALSE,FALSE,FALSE,FALSE,41.966115,-87.6941,3,
11,Southport (Brown Line),TRUE,FALSE,FALSE,FALSE,TRUE,FALSE,FALSE,FALSE,FALSE,41.943744,-87.663619,2,
5,Western (Brown Line),TRUE,FALSE,FALSE,FALSE,TRUE,FALSE,FALSE,FALSE,FALSE,41.966163,-87.688502,1,
20,Washington/Wells (Brown& Orange& Purple & Pink Lines),TRUE,FALSE,FALSE,FALSE,TRUE,FALSE,FALSE,FALSE,FALSE,41.882695,-87.63378,1,
15,Fullerton (Red& Brown & Purple Lines),TRUE,FALSE,FALSE,FALSE,TRUE,FALSE,FALSE,FALSE,FALSE,41.925051,-87.652866,3,
23,Harold Washington Library-State/Van Buren (Brown& Orange& Purple & Pink Lines),TRUE,FALSE,FALSE,FALSE,TRUE,FALSE,FALSE,FALSE,FALSE,41.876862,-87.628196,2,
16,State/Lake (Brown& Green& Orange& Pink & Purple Lines),FALSE,FALSE,FALSE,TRUE,FALSE,FALSE,FALSE,FALSE,FALSE,41.88574,-87.627835,2,
1,Harlem/Lake (Green Line),TRUE,FALSE,FALSE,TRUE,FALSE,FALSE,FALSE,FALSE,FALSE,41.886848,-87.803176,4,
2,Oak Park (Green Line),FALSE,FALSE,FALSE,TRUE,FALSE,FALSE,FALSE,FALSE,FALSE,41.886988,-87.793783,2,1
3,Ridgeland (Green Line),FALSE,FALSE,FALSE,TRUE,FALSE,FALSE,FALSE,FALSE,FALSE,41.887159,-87.783661,3,
4,Austin (Green Line),FALSE,FALSE,FALSE,TRUE,FALSE,FALSE,FALSE,FALSE,FALSE,41.887293,-87.774135,3,
5,Central (Green Line),TRUE,FALSE,FALSE,TRUE,FALSE,FALSE,FALSE,FALSE,FALSE,41.887389,-87.76565,2,
6,Laramie (Green Line),TRUE,FALSE,FALSE,TRUE,FALSE,FALSE,FALSE,FALSE,FALSE,41.887163,-87.754986,2,
7,Cicero (Green Line),TRUE,FALSE,FALSE,TRUE,FALSE,FALSE,FALSE,FALSE,FALSE,41.886519,-87.744698,1,
8,Pulaski (Green Line),TRUE,FALSE,FALSE,TRUE,FALSE,FALSE,FALSE,FALSE,FALSE,41.885412,-87.725404,3,
9,Conservatory (Green Line),TRUE,FALSE,FALSE,TRUE,FALSE,FALSE,FALSE,FALSE,FALSE,41.884904,-87.716523,2,
10,Kedzie (Green Line),TRUE,FALSE,FALSE,TRUE,FALSE,FALSE,FALSE,FALSE,FALSE,41.884321,-87.706155,2,
11,California (Green Line),TRUE,FALSE,FALSE,TRUE,FALSE,FALSE,FALSE,FALSE,FALSE,41.88422,-87.696234,2,
12,Ashland (Green & Pink Lines),TRUE,FALSE,FALSE,TRUE,FALSE,FALSE,FALSE,FALSE,FALSE,41.885269,-87.666969,1,1
13,Morgan (Green & Pink Lines),TRUE,FALSE,FALSE,TRUE,FALSE,FALSE,FALSE,FALSE,FALSE,41.885586,-87.652193,2,
14,Clinton (Green & Pink Lines),TRUE,FALSE,FALSE,TRUE,FALSE,FALSE,FALSE,FALSE,FALSE,41.885678,-87.641782,2,
15,Clark/Lake (Blue& Brown& Green& Orange& Purple & Pink Lines),TRUE,FALSE,FALSE,TRUE,FALSE,FALSE,FALSE,FALSE,FALSE,41.885737,-87.630886,2,
17,Randolph/Wabash (Brown& Green& Orange& Pink & Purple Lines),FALSE,FALSE,FALSE,TRUE,FALSE,FALSE,FALSE,FALSE,FALSE,41.884431,-87.626149,3,
18,Adams/Wabash (Brown&Green& Orange&Pink & Purple Lines),FALSE,FALSE,FALSE,TRUE,FALSE,FALSE,FALSE,FALSE,FALSE,41.879507,-87.626037,2,1
19,Roosevelt (Red& Orange & Green Lines),TRUE,FALSE,FALSE,TRUE,FALSE,FALSE,FALSE,FALSE,FALSE,41.867405,-87.62659,3,
20,Cermak-McCormick Place (Green Line),TRUE,FALSE,FALSE,TRUE,FALSE,FALSE,FALSE,FALSE,FALSE,41.853115,-87.626402,1,1
21,35th-Bronzeville-IIT (Green Line),TRUE,FALSE,FALSE,TRUE,FALSE,FALSE,FALSE,FALSE,FALSE,41.831677,-87.625826,3,3
22,Indiana (Green Line),TRUE,FALSE,FALSE,TRUE,FALSE,FALSE,FALSE,FALSE,FALSE,41.821732,-87.621371,2,
23,43rd (Green Line),TRUE,FALSE,FALSE,TRUE,FALSE,FALSE,FALSE,FALSE,FALSE,41.816462,-87.619021,3,
24,47th (Green Line),TRUE,FALSE,FALSE,TRUE,FALSE,FALSE,FALSE,FALSE,FALSE,41.809209,-87.618826,1,
25,51st (Green Line),TRUE,FALSE,FALSE,TRUE,FALSE,FALSE,FALSE,FALSE,FALSE,41.80209,-87.618487,1,
26,Garfield (Green Line),TRUE,FALSE,FALSE,TRUE,FALSE,FALSE,FALSE,FALSE,FALSE,41.795172,-87.618327,3,
27,King Drive (Green Line),TRUE,FALSE,FALSE,TRUE,FALSE,FALSE,FALSE,FALSE,FALSE,41.78013,-87.615546,2,
28,Cottage Grove (Green Line),TRUE,FALSE,FALSE,TRUE,FALSE,FALSE,FALSE,FALSE,FALSE,41.780309,-87.605857,2,
17,Clark/Lake (Blue& Brown& Green& Orange& Purple & Pink Lines),TRUE,FALSE,TRUE,FALSE,FALSE,FALSE,FALSE,FALSE,FALSE,41.885737,-87.630886,2,
1,O'Hare (Blue Line),TRUE,FALSE,TRUE,FALSE,FALSE,FALSE,FALSE,FALSE,FALSE,41.97766526,-87.90422307,5,
2,Rosemont (Blue Line),TRUE,FALSE,TRUE,FALSE,FALSE,FALSE,FALSE,FALSE,FALSE,41.983507,-87.859388,3,
3,Cumberland (Blue Line),TRUE,FALSE,TRUE,FALSE,FALSE,FALSE,FALSE,FALSE,FALSE,41.984246,-87.838028,2,2
4,Harlem (Blue Line - O'Hare Branch),TRUE,FALSE,TRUE,FALSE,FALSE,FALSE,FALSE,FALSE,FALSE,41.98227,-87.8089,2,
5,Jefferson Park (Blue Line),TRUE,FALSE,TRUE,FALSE,FALSE,FALSE,FALSE,FALSE,FALSE,41.970634,-87.760892,3,
6,Montrose (Blue Line),FALSE,FALSE,TRUE,FALSE,FALSE,FALSE,FALSE,FALSE,FALSE,41.961539,-87.743574,3,
7,Irving Park (Blue Line),FALSE,FALSE,TRUE,FALSE,FALSE,FALSE,FALSE,FALSE,FALSE,41.952925,-87.729229,2,
8,Addison (Blue Line),FALSE,FALSE,TRUE,FALSE,FALSE,FALSE,FALSE,FALSE,FALSE,41.94738,-87.71906,2,
9,Belmont (Blue Line),FALSE,FALSE,TRUE,FALSE,FALSE,FALSE,FALSE,FALSE,FALSE,41.938132,-87.712359,2,
10,Logan Square (Blue Line),TRUE,FALSE,TRUE,FALSE,FALSE,FALSE,FALSE,FALSE,FALSE,41.929728,-87.708541,6,
11,California  (Blue Line),FALSE,FALSE,TRUE,FALSE,FALSE,FALSE,FALSE,FALSE,FALSE,41.921939,-87.69689,2,
12,Western (Blue Line - O'Hare Branch),TRUE,FALSE,TRUE,FALSE,FALSE,FALSE,FALSE,FALSE,FALSE,41.916157,-87.687364,2,
13,Damen (Blue Line),FALSE,FALSE,TRUE,FALSE,FALSE,FALSE,FALSE,FALSE,FALSE,41.909744,-87.677437,4,4
14,Division (Blue Line),FALSE,FALSE,TRUE,FALSE,FALSE,FALSE,FALSE,FALSE,FALSE,41.903355,-87.666496,3,
15,Chicago (Blue Line),FALSE,FALSE,TRUE,FALSE,FALSE,FALSE,FALSE,FALSE,FALSE,41.896075,-87.655214,7,6
16,Grand (Blue Line),FALSE,FALSE,TRUE,FALSE,FALSE,FALSE,FALSE,FALSE,FALSE,41.891189,-87.647578,2,
18,Washington (Blue Line),FALSE,FALSE,TRUE,FALSE,FALSE,FALSE,FALSE,FALSE,FALSE,41.883164,-87.62944,2,
19,Monroe (Blue Line),FALSE,FALSE,TRUE,FALSE,FALSE,FALSE,FALSE,FALSE,FALSE,41.880703,-87.629378,3,2
20,Jackson (Blue Line),TRUE,FALSE,TRUE,FALSE,FALSE,FALSE,FALSE,FALSE,FALSE,41.878183,-87.629296,2,
21,LaSalle (Blue Line),FALSE,FALSE,TRUE,FALSE,FALSE,FALSE,FALSE,FALSE,FALSE,41.875568,-87.631722,2,
22,Clinton (Blue Line),FALSE,FALSE,TRUE,FALSE,FALSE,FALSE,FALSE,FALSE,FALSE,41.875539,-87.640984,2,
23,UIC-Halsted (Blue Line),TRUE,FALSE,TRUE,FALSE,FALSE,FALSE,FALSE,FALSE,FALSE,41.875474,-87.649707,2,
24,Racine (Blue Line),FALSE,FALSE,TRUE,FALSE,FALSE,FALSE,FALSE,FALSE,FALSE,41.87592,-87.659458,3,2
25,Illinois Medical District (Blue Line),TRUE,FALSE,TRUE,FALSE,FALSE,FALSE,FALSE,FALSE,FALSE,41.875706,-87.673932,2,
26,Western (Blue Line - Forest Park Branch),FALSE,FALSE,TRUE,FALSE,FALSE,FALSE,FALSE,FALSE,FALSE,41.875478,-87.688436,2,1
27,Kedzie-Homan (Blue Line),TRUE,FALSE,TRUE,FALSE,FALSE,FALSE,FALSE,FALSE,FALSE,41.874341,-87.70604,2,
28,Pulaski (Blue Line),FALSE,FALSE,TRUE,FALSE,FALSE,FALSE,FALSE,FALSE,FALSE,41.873797,-87.725663,3,
29,Cicero (Blue Line),FALSE,FALSE,TRUE,FALSE,FALSE,FALSE,FALSE,FALSE,FALSE,41.871574,-87.745154,1,
30,Austin (Blue Line),FALSE,FALSE,TRUE,FALSE,FALSE,FALSE,FALSE,FALSE,FALSE,41.870851,-87.776812,3,
31,Oak Park (Blue Line),FALSE,FALSE,TRUE,FALSE,FALSE,FALSE,FALSE,FALSE,FALSE,41.872108,-87.791602,2,
32,Harlem (Blue Line - Forest Park Branch),FALSE,FALSE,TRUE,FALSE,FALSE,FALSE,FALSE,FALSE,FALSE,41.87349,-87.806961,1,
33,Forest Park (Blue Line),TRUE,FALSE,TRUE,FALSE,FALSE,FALSE,FALSE,FALSE,FALSE,41.874257,-87.817318,3,
13,Clark/Lake (Blue& Brown& Green& Orange& Purple & Pink Lines),TRUE,FALSE,FALSE,FALSE,FALSE,FALSE,FALSE,FALSE,TRUE,41.885737,-87.630886,2,
15,Randolph/Wabash (Brown& Green& Orange& Pink & Purple Lines),FALSE,FALSE,FALSE,FALSE,FALSE,FALSE,FALSE,FALSE,TRUE,41.884431,-87.626149,3,
16,Adams/Wabash (Brown&Green& Orange&Pink & Purple Lines),FALSE,FALSE,FALSE,FALSE,FALSE,FALSE,FALSE,FALSE,TRUE,41.879507,-87.626037,2,2
8,Roosevelt (Red& Orange & Green Lines),TRUE,FALSE,FALSE,FALSE,FALSE,FALSE,FALSE,FALSE,TRUE,41.867405,-87.62659,3,
10,LaSalle/Van Buren (Brown& Orange& Purple & Pink Lines),FALSE,FALSE,FALSE,FALSE,FALSE,FALSE,FALSE,FALSE,TRUE,41.8768,-87.631739,7,
11,Quincy/Wells (Brown& Orange& Purple & Pink Lines),FALSE,FALSE,FALSE,FALSE,FALSE,FALSE,FALSE,FALSE,TRUE,41.878723,-87.63374,3,
12,Washington/Wells (Brown& Orange& Purple & Pink Lines),TRUE,FALSE,FALSE,FALSE,FALSE,FALSE,FALSE,FALSE,TRUE,41.882695,-87.63378,1,
9,Harold Washington Library-State/Van Buren (Brown& Orange& Purple & Pink Lines),TRUE,FALSE,FALSE,FALSE,FALSE,FALSE,FALSE,FALSE,TRUE,41.876862,-87.628196,2,
5,35th/Archer (Orange Line),TRUE,FALSE,FALSE,FALSE,FALSE,FALSE,FALSE,FALSE,TRUE,41.829353,-87.680622,1,
6,Ashland (Orange Line),TRUE,FALSE,FALSE,FALSE,FALSE,FALSE,FALSE,FALSE,TRUE,41.839234,-87.665317,2,
7,Halsted (Orange Line),TRUE,FALSE,FALSE,FALSE,FALSE,FALSE,FALSE,FALSE,TRUE,41.84678,-87.648088,7,
3,Kedzie (Orange Line),TRUE,FALSE,FALSE,FALSE,FALSE,FALSE,FALSE,FALSE,TRUE,41.804236,-87.704406,1,
1,Midway (Orange Line),TRUE,FALSE,FALSE,FALSE,FALSE,FALSE,FALSE,FALSE,TRUE,41.78661,-87.737875,3,
2,Pulaski (Orange Line),TRUE,FALSE,FALSE,FALSE,FALSE,FALSE,FALSE,FALSE,TRUE,41.799756,-87.724493,3,
4,Western (Orange Line),TRUE,FALSE,FALSE,FALSE,FALSE,FALSE,FALSE,FALSE,TRUE,41.804546,-87.684019,2,
14,State/Lake (Brown& Green& Orange& Pink & Purple Lines),FALSE,FALSE,FALSE,FALSE,FALSE,FALSE,FALSE,FALSE,TRUE,41.88574,-87.627835,2,
16,State/Lake (Brown& Green& Orange& Pink & Purple Lines),FALSE,FALSE,FALSE,FALSE,FALSE,FALSE,FALSE,TRUE,FALSE,41.88574,-87.627835,2,
12,Ashland (Green & Pink Lines),TRUE,FALSE,FALSE,FALSE,FALSE,FALSE,FALSE,TRUE,FALSE,41.885269,-87.666969,1,1
13,Morgan (Green & Pink Lines),TRUE,FALSE,FALSE,FALSE,FALSE,FALSE,FALSE,TRUE,FALSE,41.885586,-87.652193,2,
14,Clinton (Green & Pink Lines),TRUE,FALSE,FALSE,FALSE,FALSE,FALSE,FALSE,TRUE,FALSE,41.885678,-87.641782,2,
15,Clark/Lake (Blue& Brown& Green& Orange& Purple & Pink Lines),TRUE,FALSE,FALSE,FALSE,FALSE,FALSE,FALSE,TRUE,FALSE,41.885737,-87.630886,2,
17,Randolph/Wabash (Brown& Green& Orange& Pink & Purple Lines),FALSE,FALSE,FALSE,FALSE,FALSE,FALSE,FALSE,TRUE,FALSE,41.884431,-87.626149,3,
18,Adams/Wabash (Brown&Green& Orange&Pink & Purple Lines),FALSE,FALSE,FALSE,FALSE,FALSE,FALSE,FALSE,TRUE,FALSE,41.879507,-87.626037,2,1
20,LaSalle/Van Buren (Brown& Orange& Purple & Pink Lines),FALSE,FALSE,FALSE,FALSE,FALSE,FALSE,FALSE,TRUE,FALSE,41.8768,-87.631739,7,
21,Quincy/Wells (Brown& Orange& Purple & Pink Lines),FALSE,FALSE,FALSE,FALSE,FALSE,FALSE,FALSE,TRUE,FALSE,41.878723,-87.63374,3,
22,Washington/Wells (Brown& Orange& Purple & Pink Lines),TRUE,FALSE,FALSE,FALSE,FALSE,FALSE,FALSE,TRUE,FALSE,41.882695,-87.63378,1,
19,Harold Washington Library-State/Van Buren (Brown& Orange& Purple & Pink Lines),TRUE,FALSE,FALSE,FALSE,FALSE,FALSE,FALSE,TRUE,FALSE,41.876862,-87.628196,2,
10,18th (Pink Line),TRUE,FALSE,FALSE,FALSE,FALSE,FALSE,FALSE,TRUE,FALSE,41.857908,-87.669147,2,1
1,54th/Cermak (Pink Line),TRUE,FALSE,FALSE,FALSE,FALSE,FALSE,FALSE,TRUE,FALSE,41.85177331,-87.75669201,1,1
7,California (Pink Line),TRUE,FALSE,FALSE,FALSE,FALSE,FALSE,FALSE,TRUE,FALSE,41.854109,-87.694774,2,
5,Central Park (Pink Line),TRUE,FALSE,FALSE,FALSE,FALSE,FALSE,FALSE,TRUE,FALSE,41.853839,-87.714842,6,
2,Cicero (Pink Line),TRUE,FALSE,FALSE,FALSE,FALSE,FALSE,FALSE,TRUE,FALSE,41.85182,-87.745336,1,
9,Damen (Pink Line),TRUE,FALSE,FALSE,FALSE,FALSE,FALSE,FALSE,TRUE,FALSE,41.854517,-87.675975,2,
6,Kedzie (Pink Line),TRUE,FALSE,FALSE,FALSE,FALSE,FALSE,FALSE,TRUE,FALSE,41.853964,-87.705408,1,
3,Kostner (Pink Line),TRUE,FALSE,FALSE,FALSE,FALSE,FALSE,FALSE,TRUE,FALSE,41.853751,-87.733258,2,
11,Polk (Pink Line),TRUE,FALSE,FALSE,FALSE,FALSE,FALSE,FALSE,TRUE,FALSE,41.871551,-87.66953,9,
4,Pulaski (Pink Line),TRUE,FALSE,FALSE,FALSE,FALSE,FALSE,FALSE,TRUE,FALSE,41.853732,-87.724311,3,
8,Western (Pink Line),TRUE,FALSE,FALSE,FALSE,FALSE,FALSE,FALSE,TRUE,FALSE,41.854225,-87.685129,6,
19,State/Lake (Brown& Green& Orange& Pink & Purple Lines),FALSE,FALSE,FALSE,FALSE,FALSE,TRUE,FALSE,FALSE,FALSE,41.88574,-87.627835,2,
18,Clark/Lake (Blue& Brown& Green& Orange& Purple & Pink Lines),TRUE,FALSE,FALSE,FALSE,FALSE,TRUE,FALSE,FALSE,FALSE,41.885737,-87.630886,2,
20,Randolph/Wabash (Brown& Green& Orange& Pink & Purple Lines),FALSE,FALSE,FALSE,FALSE,FALSE,TRUE,FALSE,FALSE,FALSE,41.884431,-87.626149,3,
21,Adams/Wabash (Brown&Green& Orange&Pink & Purple Lines),FALSE,FALSE,FALSE,FALSE,FALSE,TRUE,FALSE,FALSE,FALSE,41.879507,-87.626037,2,1
10,Belmont (Red& Brown & Purple Lines),TRUE,FALSE,FALSE,FALSE,FALSE,TRUE,FALSE,FALSE,FALSE,41.939751,-87.65338,2,
14,Armitage (Brown & Purple Lines),TRUE,FALSE,FALSE,FALSE,FALSE,TRUE,FALSE,FALSE,FALSE,41.918217,-87.652644,4,
16,Chicago (Brown & Purple Lines),TRUE,FALSE,FALSE,FALSE,FALSE,TRUE,FALSE,FALSE,FALSE,41.89681,-87.635924,2,
12,Diversey (Brown & Purple Lines),TRUE,FALSE,FALSE,FALSE,FALSE,TRUE,FALSE,FALSE,FALSE,41.932732,-87.653131,3,3
17,Merchandise Mart (Brown & Purple Lines),TRUE,FALSE,FALSE,FALSE,FALSE,TRUE,FALSE,FALSE,FALSE,41.888969,-87.633924,3,
15,Sedgwick (Brown & Purple Lines),TRUE,FALSE,FALSE,FALSE,FALSE,TRUE,FALSE,FALSE,FALSE,41.910409,-87.639302,3,
11,Wellington (Brown & Purple Lines),TRUE,FALSE,FALSE,FALSE,FALSE,TRUE,FALSE,FALSE,FALSE,41.936033,-87.653266,1,
23,LaSalle/Van Buren (Brown& Orange& Purple & Pink Lines),FALSE,FALSE,FALSE,FALSE,FALSE,TRUE,FALSE,FALSE,FALSE,41.8768,-87.631739,7,
24,Quincy/Wells (Brown& Orange& Purple & Pink Lines),FALSE,FALSE,FALSE,FALSE,FALSE,TRUE,FALSE,FALSE,FALSE,41.878723,-87.63374,3,
13,Fullerton (Red& Brown & Purple Lines),TRUE,FALSE,FALSE,FALSE,FALSE,TRUE,FALSE,FALSE,FALSE,41.925051,-87.652866,3,
25,Washington/Wells (Brown& Orange& Purple & Pink Lines),TRUE,FALSE,FALSE,FALSE,FALSE,TRUE,FALSE,FALSE,FALSE,41.882695,-87.63378,1,
9,Howard (Red& Purple & Yellow Lines),TRUE,FALSE,FALSE,FALSE,FALSE,TRUE,FALSE,FALSE,FALSE,42.019063,-87.672892,10,8
2,Central (Purple Line),FALSE,FALSE,FALSE,FALSE,FALSE,TRUE,FALSE,FALSE,FALSE,42.063987,-87.685617,2,
5,Davis (Purple Line),TRUE,FALSE,FALSE,FALSE,FALSE,TRUE,FALSE,FALSE,FALSE,42.04771,-87.683543,2,
6,Dempster (Purple Line),FALSE,FALSE,FALSE,FALSE,FALSE,TRUE,FALSE,FALSE,FALSE,42.041655,-87.681602,1,
4,Foster (Purple Line),FALSE,FALSE,FALSE,FALSE,FALSE,TRUE,FALSE,FALSE,FALSE,42.05416,-87.68356,3,
22,Harold Washington Library-State/Van Buren (Brown& Orange& Purple & Pink Lines),TRUE,FALSE,FALSE,FALSE,FALSE,TRUE,FALSE,FALSE,FALSE,41.876862,-87.628196,2,
1,Linden (Purple Line),TRUE,FALSE,FALSE,FALSE,FALSE,TRUE,FALSE,FALSE,FALSE,42.073153,-87.69073,5,
7,Main (Purple Line),FALSE,FALSE,FALSE,FALSE,FALSE,TRUE,FALSE,FALSE,FALSE,42.033456,-87.679538,10,
3,Noyes (Purple Line),FALSE,FALSE,FALSE,FALSE,FALSE,TRUE,FALSE,FALSE,FALSE,42.058282,-87.683337,2,
8,South Boulevard (Purple Line),FALSE,FALSE,FALSE,FALSE,FALSE,TRUE,FALSE,FALSE,FALSE,42.027612,-87.678329,2,
3,Howard (Red& Purple & Yellow Lines),TRUE,FALSE,FALSE,FALSE,FALSE,FALSE,TRUE,FALSE,FALSE,42.019063,-87.672892,10,9
2,Oakton-Skokie (Yellow Line),TRUE,FALSE,FALSE,FALSE,FALSE,FALSE,TRUE,FALSE,FALSE,42.02624348,-87.74722084,2,
1,Dempster-Skokie  (Yellow Line),TRUE,FALSE,FALSE,FALSE,FALSE,FALSE,TRUE,FALSE,FALSE,42.038951,-87.751919,1,
24,Roosevelt (Red& Orange & Green Lines),TRUE,TRUE,FALSE,FALSE,FALSE,FALSE,FALSE,FALSE,FALSE,41.867405,-87.62659,3,
14,Belmont (Red& Brown & Purple Lines),TRUE,TRUE,FALSE,FALSE,FALSE,FALSE,FALSE,FALSE,FALSE,41.939751,-87.65338,2,
1,Howard (Red& Purple & Yellow Lines),TRUE,TRUE,FALSE,FALSE,FALSE,FALSE,FALSE,FALSE,FALSE,42.019063,-87.672892,10,5
2,Jarvis (Red Line),FALSE,TRUE,FALSE,FALSE,FALSE,FALSE,FALSE,FALSE,FALSE,42.015876,-87.669092,1,
3,Morse (Red Line),FALSE,TRUE,FALSE,FALSE,FALSE,FALSE,FALSE,FALSE,FALSE,42.008362,-87.665909,2,
4,Loyola (Red Line),TRUE,TRUE,FALSE,FALSE,FALSE,FALSE,FALSE,FALSE,FALSE,42.001073,-87.661061,7,
5,Granville (Red Line),TRUE,TRUE,FALSE,FALSE,FALSE,FALSE,FALSE,FALSE,FALSE,41.993664,-87.659202,1,
6,Thorndale (Red Line),FALSE,TRUE,FALSE,FALSE,FALSE,FALSE,FALSE,FALSE,FALSE,41.990259,-87.659076,2,
7,Bryn Mawr (Red Line),FALSE,TRUE,FALSE,FALSE,FALSE,FALSE,FALSE,FALSE,FALSE,41.983504,-87.65884,2,
8,Berwyn (Red Line),FALSE,TRUE,FALSE,FALSE,FALSE,FALSE,FALSE,FALSE,FALSE,41.977984,-87.658668,2,2
9,Argyle (Red Line),FALSE,TRUE,FALSE,FALSE,FALSE,FALSE,FALSE,FALSE,FALSE,41.973453,-87.65853,2,
10,Lawrence (Red Line),FALSE,TRUE,FALSE,FALSE,FALSE,FALSE,FALSE,FALSE,FALSE,41.969139,-87.658493,1,
11,Wilson (Red Line),FALSE,TRUE,FALSE,FALSE,FALSE,FALSE,FALSE,FALSE,FALSE,41.964273,-87.657588,2,
12,Sheridan (Red Line),FALSE,TRUE,FALSE,FALSE,FALSE,FALSE,FALSE,FALSE,FALSE,41.953775,-87.654929,2,
13,Addison (Red Line),TRUE,TRUE,FALSE,FALSE,FALSE,FALSE,FALSE,FALSE,FALSE,41.947428,-87.653626,2,
15,Fullerton (Red& Brown & Purple Lines),TRUE,TRUE,FALSE,FALSE,FALSE,FALSE,FALSE,FALSE,FALSE,41.925051,-87.652866,3,
16,North/Clybourn (Red Line),FALSE,TRUE,FALSE,FALSE,FALSE,FALSE,FALSE,FALSE,FALSE,41.910655,-87.649177,2,
17,Clark/Division (Red Line),FALSE,TRUE,FALSE,FALSE,FALSE,FALSE,FALSE,FALSE,FALSE,41.90392,-87.631412,2,
18,Chicago (Red Line),TRUE,TRUE,FALSE,FALSE,FALSE,FALSE,FALSE,FALSE,FALSE,41.896671,-87.628176,10,
19,Grand (Red Line),TRUE,TRUE,FALSE,FALSE,FALSE,FALSE,FALSE,FALSE,FALSE,41.891665,-87.628021,2,
20,Lake (Red Line),TRUE,TRUE,FALSE,FALSE,FALSE,FALSE,FALSE,FALSE,FALSE,41.884809,-87.627813,2,
21,Monroe (Red Line),FALSE,TRUE,FALSE,FALSE,FALSE,FALSE,FALSE,FALSE,FALSE,41.880745,-87.627696,3,
22,Jackson (Red Line),TRUE,TRUE,FALSE,FALSE,FALSE,FALSE,FALSE,FALSE,FALSE,41.878153,-87.627596,4,
23,Harrison (Red Line),FALSE,TRUE,FALSE,FALSE,FALSE,FALSE,FALSE,FALSE,FALSE,41.874039,-87.627479,5,
25,Cermak-Chinatown (Red Line),TRUE,TRUE,FALSE,FALSE,FALSE,FALSE,FALSE,FALSE,FALSE,41.853206,-87.630968,1,
26,Sox-35th (Red Line),TRUE,TRUE,FALSE,FALSE,FALSE,FALSE,FALSE,FALSE,FALSE,41.831191,-87.630636,2,1
27,47th (Red Line),TRUE,TRUE,FALSE,FALSE,FALSE,FALSE,FALSE,FALSE,FALSE,41.810318,-87.63094,1,
28,Garfield (Red Line),TRUE,TRUE,FALSE,FALSE,FALSE,FALSE,FALSE,FALSE,FALSE,41.79542,-87.631157,3,
29,63rd (Red Line),TRUE,TRUE,FALSE,FALSE,FALSE,FALSE,FALSE,FALSE,FALSE,41.780536,-87.630952,2,
30,69th (Red Line),TRUE,TRUE,FALSE,FALSE,FALSE,FALSE,FALSE,FALSE,FALSE,41.768367,-87.625724,2,
31,79th (Red Line),TRUE,TRUE,FALSE,FALSE,FALSE,FALSE,FALSE,FALSE,FALSE,41.750419,-87.625112,2,
32,87th (Red Line),TRUE,TRUE,FALSE,FALSE,FALSE,FALSE,FALSE,FALSE,FALSE,41.735372,-87.624717,2,
33,95th/Dan Ryan (Red Line),TRUE,TRUE,FALSE,FALSE,FALSE,FALSE,FALSE,FALSE,FALSE,41.722377,-87.624342,2,
